{
  "CNN (13M params)": {
    "psnr_mean": 32.641215801239014,
    "psnr_std": 0.8721536508290664,
    "mse_mean": 0.0005551049631321803,
    "lpips_mean": 0.021556050330400468
  },
  "Transformer-Dynamics (40M)": {
    "psnr_mean": 26.9701189994812,
    "psnr_std": 1.22031393101244,
    "mse_mean": 0.0020891222229693085,
    "lpips_mean": 0.11486404538154601
  },
  "Transformer-Current (40M)": {
    "psnr_mean": 27.44759283065796,
    "psnr_std": 1.2853739124852548,
    "mse_mean": 0.0018801042053382844,
    "lpips_mean": 0.10321717076003552
  }
}